{
    "name": "copyPSVtoSQL",
    "properties": {
        "activities": [
            {
                "name": "copyPSVtoSQL",
                "type": "Copy",
                "dependsOn": [],
                "policy": {
                    "timeout": "7.00:00:00",
                    "retry": 0,
                    "retryIntervalInSeconds": 30,
                    "secureOutput": false,
                    "secureInput": false
                },
                "userProperties": [
                    {
                        "name": "Source",
                        "value": "/CustomerSource.csv"
                    },
                    {
                        "name": "Destination",
                        "value": "dbo.CustomerSource"
                    }
                ],
                "typeProperties": {
                    "source": {
                        "type": "DelimitedTextSource",
                        "storeSettings": {
                            "type": "AzureFileStorageReadSettings",
                            "recursive": true,
                            "enablePartitionDiscovery": false
                        },
                        "formatSettings": {
                            "type": "DelimitedTextReadSettings"
                        }
                    },
                    "sink": {
                        "type": "AzureSqlSink"
                    },
                    "enableStaging": false,
                    "translator": {
                        "type": "TabularTranslator",
                        "mappings": [
                            {
                                "source": {
                                    "type": "String",
                                    "ordinal": 1
                                },
                                "sink": {
                                    "name": "CustomerID",
                                    "type": "Int32",
                                    "physicalType": "int"
                                }
                            },
                            {
                                "source": {
                                    "type": "String",
                                    "ordinal": 2
                                },
                                "sink": {
                                    "name": "Title",
                                    "type": "String",
                                    "physicalType": "nvarchar"
                                }
                            },
                            {
                                "source": {
                                    "type": "String",
                                    "ordinal": 3
                                },
                                "sink": {
                                    "name": "FirstName",
                                    "type": "String",
                                    "physicalType": "nvarchar"
                                }
                            },
                            {
                                "source": {
                                    "type": "String",
                                    "ordinal": 4
                                },
                                "sink": {
                                    "name": "MiddleName",
                                    "type": "String",
                                    "physicalType": "nvarchar"
                                }
                            },
                            {
                                "source": {
                                    "type": "String",
                                    "ordinal": 5
                                },
                                "sink": {
                                    "name": "LastName",
                                    "type": "String",
                                    "physicalType": "nvarchar"
                                }
                            },
                            {
                                "source": {
                                    "type": "String",
                                    "ordinal": 6
                                },
                                "sink": {
                                    "name": "Suffix",
                                    "type": "String",
                                    "physicalType": "nvarchar"
                                }
                            },
                            {
                                "source": {
                                    "type": "String",
                                    "ordinal": 7
                                },
                                "sink": {
                                    "name": "CompanyName",
                                    "type": "String",
                                    "physicalType": "nvarchar"
                                }
                            },
                            {
                                "source": {
                                    "type": "String",
                                    "ordinal": 8
                                },
                                "sink": {
                                    "name": "SalesPerson",
                                    "type": "String",
                                    "physicalType": "nvarchar"
                                }
                            },
                            {
                                "source": {
                                    "type": "String",
                                    "ordinal": 9
                                },
                                "sink": {
                                    "name": "EmailAddress",
                                    "type": "String",
                                    "physicalType": "nvarchar"
                                }
                            },
                            {
                                "source": {
                                    "type": "String",
                                    "ordinal": 10
                                },
                                "sink": {
                                    "name": "Phone",
                                    "type": "String",
                                    "physicalType": "nvarchar"
                                }
                            }
                        ],
                        "typeConversion": true,
                        "typeConversionSettings": {
                            "allowDataTruncation": true,
                            "treatBooleanAsNumber": false
                        }
                    }
                },
                "inputs": [
                    {
                        "referenceName": "adf_share_input_dataset",
                        "type": "DatasetReference"
                    }
                ],
                "outputs": [
                    {
                        "referenceName": "CustomerSource",
                        "type": "DatasetReference"
                    }
                ]
            }
        ],
        "annotations": []
    }
}