{
    "name": "CustomerSource",
    "properties": {
        "linkedServiceName": {
            "referenceName": "AzureSqlDatabase1",
            "type": "LinkedServiceReference"
        },
        "annotations": [],
        "type": "AzureSqlTable",
        "schema": [
            {
                "name": "CustomerID",
                "type": "int",
                "precision": 10
            },
            {
                "name": "Title",
                "type": "nvarchar"
            },
            {
                "name": "FirstName",
                "type": "nvarchar"
            },
            {
                "name": "MiddleName",
                "type": "nvarchar"
            },
            {
                "name": "LastName",
                "type": "nvarchar"
            },
            {
                "name": "Suffix",
                "type": "nvarchar"
            },
            {
                "name": "CompanyName",
                "type": "nvarchar"
            },
            {
                "name": "SalesPerson",
                "type": "nvarchar"
            },
            {
                "name": "EmailAddress",
                "type": "nvarchar"
            },
            {
                "name": "Phone",
                "type": "nvarchar"
            }
        ],
        "typeProperties": {
            "schema": "dbo",
            "table": "CustomerSource"
        }
    },
    "type": "Microsoft.DataFactory/factories/datasets"
}